
{
    "posts":[
        {
          "h5": "Technology",
          "h4": "AI Revolution",
          "p": "Artificial Intelligence is shaping the future of automation and human interaction."
        },
        {
          "h5": "Health",
          "h4": "Nutrition Breakthrough",
          "p": "Recent studies show the impact of balanced diets on long-term health and wellness."
        },
        {
          "h5": "Environment",
          "h4": "Climate Change Action",
          "p": "Governments around the world are taking steps to reduce carbon emissions."
        },
        {
          "h5": "Education",
          "h4": "Online Learning Surge",
          "p": "The rise of online education platforms is transforming access to knowledge."
        },
        {
          "h5": "Business",
          "h4": "Startup Ecosystem",
          "p": "Innovative startups are disrupting traditional business models with agility and creativity."
        },
        {
          "h5": "Sports",
          "h4": "Olympic Dreams",
          "p": "Athletes from around the globe prepare for the upcoming Olympic Games."
        },
        {
          "h5": "Music",
          "h4": "Streaming Growth",
          "p": "Music streaming services continue to dominate the entertainment landscape."
        },
        {
          "h5": "Fashion",
          "h4": "Sustainable Style",
          "p": "Eco-friendly fashion brands are making waves with sustainable clothing lines."
        },
        {
          "h5": "Travel",
          "h4": "Adventure Awaits",
          "p": "Top destinations for your next travel adventure in 2024."
        },
        {
          "h5": "Science",
          "h4": "Mars Mission",
          "p": "Space agencies aim to send humans to Mars within the next decade."
        },
        {
          "h5": "Health",
          "h4": "Fitness Trends",
          "p": "Functional fitness and mindfulness are among the top health trends this year."
        },
        {
          "h5": "Technology",
          "h4": "Quantum Computing",
          "p": "Quantum computing promises to revolutionize industries with unparalleled processing power."
        },
        {
          "h5": "Business",
          "h4": "E-Commerce Boom",
          "p": "The global shift to online shopping is fueling massive growth in e-commerce."
        },
        {
          "h5": "Entertainment",
          "h4": "Streaming Wars",
          "p": "Competing platforms are battling it out for viewers in the streaming industry."
        },
        {
          "h5": "Education",
          "h4": "STEM in Schools",
          "p": "STEM education is increasingly emphasized to prepare students for tech-driven careers."
        },
        {
          "h5": "Environment",
          "h4": "Renewable Energy",
          "p": "Investments in wind and solar energy are helping reduce dependence on fossil fuels."
        },
        {
          "h5": "Music",
          "h4": "Concert Comeback",
          "p": "Live music events are seeing a resurgence after years of uncertainty."
        },
        {
          "h5": "Science",
          "h4": "DNA Editing Breakthrough",
          "p": "Scientists unlock new possibilities with CRISPR gene editing technology."
        },
        {
          "h5": "Sports",
          "h4": "Championship Showdown",
          "p": "Two powerhouse teams are set to compete in the highly anticipated final match."
        },
        {
          "h5": "Travel",
          "h4": "Hidden Gems",
          "p": "Discover lesser-known destinations that offer unforgettable travel experiences."
        },
        {
          "h5": "Health",
          "h4": "Mental Wellness",
          "p": "New focus on mental health is changing how people approach well-being."
        },
        {
          "h5": "Technology",
          "h4": "5G Rollout",
          "p": "5G networks are expanding, bringing faster connectivity to urban and rural areas."
        },
        {
          "h5": "Fashion",
          "h4": "Digital Fashion",
          "p": "Virtual clothing and accessories are making their mark in the fashion industry."
        },
        {
          "h5": "Business",
          "h4": "Remote Work Culture",
          "p": "The rise of remote work has redefined how companies operate and collaborate."
        },
        {
          "h5": "Education",
          "h4": "Coding for Kids",
          "p": "Teaching children coding skills early prepares them for future careers in tech."
        },
        {
          "h5": "Science",
          "h4": "Deep Space Exploration",
          "p": "New spacecrafts are being developed to explore the far reaches of the solar system."
        },
        {
          "h5": "Environment",
          "h4": "Plastic Waste Solutions",
          "p": "Innovative approaches are being introduced to reduce the global plastic waste crisis."
        },
        {
          "h5": "Entertainment",
          "h4": "New Movie Releases",
          "p": "The latest blockbusters are making their way to theaters and streaming services."
        },
        {
          "h5": "Music",
          "h4": "Pop Star Returns",
          "p": "After years away, a beloved pop star is making a much-anticipated comeback."
        },
        {
          "h5": "Health",
          "h4": "Holistic Healing",
          "p": "Alternative medicine is becoming more widely accepted in traditional health care."
        },
        {
          "h5": "Travel",
          "h4": "Luxury Escapes",
          "p": "The top luxury travel destinations to visit for an unforgettable experience."
        },
        {
          "h5": "Technology",
          "h4": "Blockchain Advancements",
          "p": "Blockchain technology is evolving beyond cryptocurrency into various industries."
        },
        {
          "h5": "Sports",
          "h4": "Record Breakers",
          "p": "A new generation of athletes is smashing long-standing sports records."
        },
        {
          "h5": "Education",
          "h4": "AI in Classrooms",
          "p": "Artificial Intelligence is being integrated into classrooms to enhance learning."
        },
        {
          "h5": "Environment",
          "h4": "Wildlife Conservation",
          "p": "Efforts to protect endangered species are gaining global attention."
        },
        {
          "h5": "Business",
          "h4": "Entrepreneurial Growth",
          "p": "The startup scene is flourishing, driven by innovation and fresh ideas."
        },
        {
          "h5": "Science",
          "h4": "Ocean Exploration",
          "p": "New discoveries are being made as scientists explore the depths of the ocean."
        },
        {
          "h5": "Fashion",
          "h4": "Street Style",
          "p": "Streetwear continues to influence mainstream fashion trends around the world."
        },
        {
          "h5": "Health",
          "h4": "Sleep Science",
          "p": "Research highlights the importance of sleep in maintaining overall health."
        },
        {
          "h5": "Technology",
          "h4": "Cybersecurity Challenges",
          "p": "As cyber threats increase, companies are investing more in security solutions."
        },
        {
          "h5": "Travel",
          "h4": "Cultural Immersion",
          "p": "Experience the richness of local cultures in unique travel destinations."
        },
        {
          "h5": "Education",
          "h4": "Lifelong Learning",
          "p": "More adults are pursuing lifelong learning to keep up with industry trends."
        },
        {
          "h5": "Entertainment",
          "h4": "Esports Explosion",
          "p": "Esports is becoming a mainstream entertainment option with global fanbases."
        },
        {
          "h5": "Environment",
          "h4": "Sustainable Agriculture",
          "p": "Farmers are adopting sustainable practices to protect ecosystems."
        },
        {
          "h5": "Business",
          "h4": "Market Trends",
          "p": "Global markets are adapting to changes in technology, politics, and consumer behavior."
        },
        {
          "h5": "Science",
          "h4": "Medical Innovations",
          "p": "New technologies are revolutionizing how diseases are diagnosed and treated."
        },
        {
          "h5": "Music",
          "h4": "Indie Artists Rise",
          "p": "Independent musicians are gaining more visibility through streaming platforms."
        },
        {
          "h5": "Sports",
          "h4": "Team Spirit",
          "p": "The power of teamwork is on full display in this year’s championships."
        },
        {
          "h5": "Travel",
          "h4": "Eco-Tourism",
          "p": "Sustainable travel options are becoming more popular among environmentally conscious tourists."
        },
        {
          "h5": "Fashion",
          "h4": "Vintage Revival",
          "p": "Vintage fashion trends from the past are making a major comeback."
        }
      ]

}

  